{
  "project_info": {
    "project_number": "410353335030",
    "firebase_url": "https://project-motouber.firebaseio.com",
    "project_id": "project-motouber",
    "storage_bucket": "project-motouber.appspot.com"
  },
  "client": [
    {
      "client_info": {
        "mobilesdk_app_id": "1:410353335030:android:658199375079a90a4e4ad7",
        "android_client_info": {
          "package_name": "com.example.projectmotouber"
        }
      },
      "oauth_client": [
        {
          "client_id": "410353335030-jptj84196e8h7qr521hq989hhsurlaat.apps.googleusercontent.com",
          "client_type": 1,
          "android_info": {
            "package_name": "com.example.projectmotouber",
            "certificate_hash": "e886da6a6e8cc51cfa8350d1d63216fb921b8eb2"
          }
        },
        {
          "client_id": "410353335030-6aj27nmme7mjrak8vn1un6gjq6p6ctpk.apps.googleusercontent.com",
          "client_type": 3
        }
      ],
      "api_key": [
        {
          "current_key": "AIzaSyAc3dFghHrUzLdeKEdvH1SAYXzMHmE7L2I"
        }
      ],
      "services": {
        "appinvite_service": {
          "other_platform_oauth_client": [
            {
              "client_id": "410353335030-6aj27nmme7mjrak8vn1un6gjq6p6ctpk.apps.googleusercontent.com",
              "client_type": 3
            }
          ]
        }
      }
    }
  ],
  "configuration_version": "1"
}